6.97490096092,0,-7967.99456692,-7459.64884277,-6972.38081364,-8010.99932325,-121300.056136,5695.8726878,-127035.513763,-125822.261074,
6.97908186913,1,-7993.40850036,-7720.42664533,-8030.40063744,-8035.51918692,-121325.313607,5749.42746752,-127062.313504,-125849.641961,
6.98337078094,2,-8017.59308786,-7951.56603474,-8856.78933344,-8058.67559417,-121348.782939,5798.57895357,-127087.213348,-125874.653563,
6.98957490921,3,-7997.87884925,-7750.10976197,-8021.05760825,-8039.94483232,-121330.499212,5757.98818564,-127067.63322,-125854.648752,
6.99345684052,4,-7969.44743031,-7465.68381377,-6978.34872941,-8013.10038723,-121304.459429,5699.4936704,-127039.96176,-125826.642016,
6.99448895454,5,-7988.73698577,-7657.75235388,-7787.280713,-8031.76409385,-121323.994854,5739.45858949,-127060.704179,-125847.786766,
6.99848079681,6,-8015.91670703,-7940.54662473,-8832.71650466,-8057.55800695,-121350.21345,5797.17079367,-127088.465046,-125875.860557,
7.00392198563,7,-8000.60576208,-7803.12809981,-8238.38361959,-8042.91761433,-121335.975389,5768.2252846,-127073.288211,-125860.437853,
7.00732398033,8,-7967.79340122,-7486.09095646,-7048.55555875,-8012.02750349,-121305.733479,5702.28763846,-127041.213458,-125827.826658,
7.0109269619,9,-7976.80115423,-7593.62519903,-7548.69819268,-8020.83409081,-121315.411784,5723.16416778,-127051.629371,-125838.667254,
7.01528096199,10,-8007.64656158,-7914.6409529,-8759.60394855,-8050.33839349,-121345.161956,5788.61007555,-127083.257089,-125870.89847,
7.01925778389,11,-8000.04696847,-7849.1279899,-8435.03426731,-8043.09642829,-121338.121156,5774.93080794,-127075.903365,-125863.142414,
7.02221989632,12,-7965.98290992,-7516.91401206,-7169.34438578,-8010.70875057,-121306.51579,5706.02037978,-127042.26399,-125828.966597,
7.02618384361,13,-7964.91002618,-7533.05197156,-7326.85712896,-8009.79232905,-121306.694604,5707.27207747,-127042.576914,-125829.503039,
7.03138184547,14,-7998.23647716,-7873.04435647,-8628.26509813,-8041.68826839,-121338.948171,5777.1212789,-127077.020952,-125864.37176,
7.03618884087,15,-7999.59993358,-7885.04724324,-8596.74913844,-8043.02937305,-121340.557497,5780.45168882,-127078.697333,-125865.824624,
7.03935885429,16,-7967.74869773,-7562.91390215,-7342.57040531,-8012.94392502,-121311.097897,5715.0281328,-127047.226077,-125833.839277,
7.04305791855,17,-7958.60683425,-7489.55547685,-7152.82644663,-8004.38320689,-121303.453601,5698.53254539,-127039.112394,-125825.949112,
7.04698991776,18,-7991.48625034,-7826.41861754,-8463.6892037,-8035.87681483,-121335.438947,5767.51002878,-127073.243508,-125860.683723,
7.0499548912,19,-8000.49400335,-7914.61860116,-8726.09868361,-8044.57164342,-121344.357293,5786.48665982,-127082.586537,-125869.937345,
7.05514788628,20,-7971.01205242,-7615.82048128,-7545.77011416,-8016.49785238,-121316.842296,5725.64521142,-127053.216345,-125840.008359,
7.06013584137,21,-7955.00820339,-7459.78295324,-7025.77913115,-8001.47748011,-121302.760697,5693.4586994,-127038.307731,-125825.010338,
7.0629029274,22,-7986.72532877,-7771.38862269,-8255.30389015,-8032.07701827,-121334.075491,5758.54697925,-127071.567127,-125858.739121,
7.0670478344,23,-8002.46095687,-7932.61175544,-8806.76612935,-8047.11974229,-121349.341732,5791.98518896,-127087.705086,-125874.921784,
7.07113289833,24,-7976.28706411,-7675.85726689,-7772.46150642,-8022.30930594,-121325.023034,5739.39153426,-127061.687656,-125848.412615,
7.07476878166,25,-7951.49897951,-7447.15421762,-6964.55770308,-7998.81762252,-121302.358365,5690.77649007,-127037.838344,-125824.362138,
7.07772779465,26,-7977.18113389,-7708.66962775,-8023.85157631,-8023.53865189,-121327.817002,5744.66654595,-127064.928659,-125852.123004,
7.08326077461,27,-7999.7116923,-7935.91981362,-8838.43855124,-8045.13043703,-121349.69936,5791.82872675,-127088.129769,-125875.525281,
7.08717489243,28,-7978.03050018,-7730.95431697,-7994.57079107,-8024.43272167,-121329.359273,5749.04748786,-127066.582688,-125853.419406,
7.09054684639,29,-7947.98975563,-7447.80241821,-6960.55674083,-7995.97895097,-121301.687813,5689.48008889,-127037.257199,-125823.803344,
7.0946969986,30,-7967.10049714,-7641.54733915,-7776.86480008,-8014.57560236,-121321.066775,5729.60147018,-127057.843156,-125844.791632,
7.0986969471,31,-7993.72142478,-7922.26289776,-8814.20926025,-8039.96718406,-121346.815985,5786.62077029,-127085.246394,-125872.552499,
7.10236978531,32,-7978.83516298,-7783.90559958,-8213.23790708,-8025.84088157,-121332.890848,5757.94348215,-127070.494243,-125857.398016,
7.10664391518,33,-7945.86633991,-7466.84610448,-7026.42733174,-7994.45903235,-121302.358365,5691.82702206,-127038.128917,-125824.563304,
7.11015987396,34,-7956.43871503,-7577.95662617,-7536.87411986,-8004.76318655,-121313.578941,5714.53639442,-127050.154156,-125837.057929,
7.11471700668,35,-7987.30647413,-7897.63127537,-8741.52138728,-8034.20043399,-121343.41852,5779.80348823,-127081.848929,-125869.199737,
7.11862683296,36,-7980.04215718,-7829.92784142,-8407.8768978,-8027.24904147,-121336.802404,5766.03481365,-127074.629316,-125861.689551,
7.12267994881,37,-7946.80511317,-7499.8372793,-7147.88671111,-7995.82248876,-121305.979348,5698.19726922,-127041.906362,-125828.474859,
7.12661600113,38,-7950.7390202,-7523.17250051,-7320.15160562,-8000.06932021,-121311.209656,5704.81338558,-127047.248429,-125834.107498,
7.13041996956,39,-7984.51250607,-7863.32134763,-8619.32440034,-8032.36759095,-121343.977314,5775.02021492,-127081.98304,-125869.378551,
7.13645982742,40,-7981.62913103,-7870.40685062,-8577.21371379,-8029.39480894,-121341.183345,5773.92497944,-127079.323182,-125866.450473,
7.13816380501,41,-7948.34738354,-7546.44066649,-7320.10690214,-7997.92355274,-121310.181476,5706.91444956,-127046.488469,-125832.989911,
7.14258599281,42,-7941.48539799,-7477.59729357,-7141.00237381,-7991.73211953,-121304.906464,5693.056368,-127040.900533,-125827.424327,
7.14681982994,43,-7975.1247734,-7814.95217263,-8448.98175585,-8023.96333503,-121337.65177,5762.88321768,-127075.657496,-125862.807138,
7.15143799782,44,-7983.9760642,-7900.58170564,-8701.9587996,-8032.38994269,-121346.436005,5781.43516558,-127084.911118,-125872.060761,
7.15545392036,45,-7954.33765105,-7601.64947529,-7521.58552666,-8004.20439293,-121318.719842,5720.43725496,-127055.406815,-125842.064719,
7.15942192078,46,-7938.40085726,-7448.18239786,-7012.50219494,-7989.31813113,-121304.750002,5688.47426039,-127040.542905,-125827.089051,
7.16182398796,47,-7968.44160181,-7759.2292737,-8243.83744524,-8018.24128845,-121334.254305,5752.02026987,-127071.99181,-125859.029693,
7.16594386101,48,-7986.70297703,-7921.83821462,-8790.13643147,-8035.78740785,-121352.1357,5788.02893019,-127090.70022,-125877.849862,
7.17112493515,49,-7959.81382845,-7662.78149638,-7749.72978231,-8010.08290173,-121326.878229,5734.31768826,-127063.878127,-125850.558382,
7.17513585091,50,-7934.22108104,-7435.28544131,-6950.5878628,-7985.96536946,-121303.56536,5685.23325744,-127039.268856,-125825.680891,
7.17881178856,51,-7958.02568889,-7696.24205783,-8013.74858782,-8008.87590753,-121327.124098,5737.33517377,-127064.414568,-125851.474804,
7.18266797066,52,-7980.89152347,-7921.65940066,-8819.81954811,-8030.66885837,-121349.31938,5784.47500282,-127087.906252,-125875.167653,
7.18668293953,53,-7960.23851159,-7717.27504936,-7973.96248269,-8010.93226802,-121329.918066,5742.76664767,-127067.320295,-125854.089958,
7.19037699699,54,-7930.7789124,-7436.06775237,-6946.7657145,-7982.94788396,-121302.738345,5683.75804231,-127038.508897,-125824.876228,
7.19442987442,55,-7948.36973529,-7630.52792913,-7769.3322622,-8000.04696847,-121320.619741,5722.62772591,-127057.619638,-125844.478708,
7.19837594032,56,-7976.1306019,-7911.84698485,-8803.45807117,-8026.62319262,-121347.441834,5780.80931673,-127086.140464,-125873.424217,
7.20223879814,57,-7961.71372672,-7771.83565758,-8195.71413943,-8012.94392502,-121334.075491,5752.31084255,-127071.835348,-125858.783824,
7.20627379417,58,-7928.25316528,-7454.95497643,-7012.94922983,-7981.18209615,-121302.984214,5685.79205105,-127038.866525,-125825.390318,
7.210490942,59,-7941.08306659,-7569.84294293,-7533.25313726,-7993.74377653,-121316.462316,5711.04952229,-127053.037531,-125839.963655,
7.21433877945,60,-7975.37064259,-7891.19397297,-8733.36300056,-8026.60084088,-121349.744064,5779.55761904,-127088.196825,-125875.569984,
7.21821379662,61,-7966.92168318,-7821.30006806,-8393.5494296,-8018.48715764,-121341.965657,5764.49254328,-127080.016086,-125867.05397,
7.22219896317,62,-7931.04713333,-7489.01903498,-7133.58159466,-7984.24428514,-121308.43804,5694.01749301,-127044.476812,-125830.978254,
7.22624588013,63,-7934.46695023,-7514.25415447,-7314.4072073,-7987.93232297,-121312.908389,5700.20892623,-127049.103624,-125835.873286,
7.2302749157,64,-7967.32401458,-7853.88891147,-8611.72480723,-8019.42593091,-121344.781976,5769.70049974,-127083.033572,-125870.317324,
7.23419094086,65,-7967.63693901,-7861.26498714,-8562.52861768,-8019.73885533,-121345.34077,5771.55569453,-127083.52531,-125870.652601,
7.23844385147,66,-7934.62341244,-7537.03058207,-7305.73473045,-7988.44641309,-121314.540066,5704.67927512,-127050.84706,-125837.46026,
7.24218082428,67,-7924.92275535,-7467.29313937,-7134.38625746,-7979.3492531,-121306.292272,5688.07192899,-127042.375748,-125829.056004,
7.24625992775,68,-7956.99750864,-7802.41284399,-8440.21987202,-8009.99349475,-121337.584715,5756.22239783,-127075.679848,-125862.918897,
7.25025677681,69,-7965.20059886,-7886.29894093,-8686.98313081,-8017.77190182,-121345.586639,5773.92497944,-127084.128807,-125871.278449,
7.25418400764,70,-7934.37754326,-7585.89149545,-7502.98887527,-7988.42406135,-121316.819944,5711.92124032,-127053.506917,-125840.164821,
7.25818991661,71,-7919.02189482,-7434.97251689,-7002.30979947,-7974.14129664,-121303.520656,5680.91937076,-127039.313559,-125825.904408,
7.26216292381,72,-7951.05194462,-7748.83571253,-8238.31656436,-8005.00905573,-121334.969561,5746.63349946,-127072.707066,-125859.834356,
7.26647996902,73,-7965.78174422,-7905.94612431,-8774.53491384,-8019.02359951,-121349.207622,5778.7306045,-127087.794493,-125874.921784,
7.27042984962,74,-7938.98200261,-7646.10709502,-7729.92613672,-7993.56496257,-121324.218371,5725.13112129,-127061.218269,-125847.853821,
7.2734439373,75,-7912.4281302,-7418.85690914,-6935.72395274,-7968.32984308,-121299.832618,5675.15262069,-127035.536115,-125822.037556,
7.27744579315,76,-7940.2337003,-7683.68037745,-8003.95852375,-7995.0848812,-121327.302912,5731.05433357,-127064.660438,-125851.698321,
7.28214883804,77,-7963.94890117,-7909.209479,-8806.60966714,-8017.79425356,-121350.392264,5778.99882543,-127089.023839,-125876.173481,
7.28624200821,78,-7941.93243288,-7702.38878755,-7955.61170049,-7996.62715156,-121329.672197,5735.90466212,-127067.029723,-125853.754682,
7.29016184807,79,-7913.85864185,-7423.84134815,-6936.17098763,-7970.16268613,-121303.900636,5678.59478934,-127039.648836,-125826.150277,
7.29415798187,80,-7930.68950542,-7619.46381563,-7764.99602377,-7986.54651481,-121320.887961,5716.92803108,-127057.999618,-125844.925743,
7.29837393761,81,-7959.25503483,-7899.91115331,-8792.77393732,-8013.99445701,-121348.648828,5775.80252597,-127087.36981,-125874.519452,
7.30212783813,82,-7945.08402885,-7758.58107312,-8178.23507526,-8000.40459638,-121335.483651,5747.32640354,-127073.288211,-125860.035522,
7.30619096756,83,-7911.64581914,-7442.03566814,-6998.93468606,-7968.55336053,-121304.504133,5680.78526029,-127040.386443,-125826.776126,
7.31011986732,84,-7921.68175241,-7555.31430904,-7523.06074179,-7978.43283158,-121315.143563,5703.24876347,-127051.808185,-125838.622551,
7.31428599358,85,-7954.89644467,-7875.79362104,-8720.77896843,-8010.32877092,-121347.419482,5770.79573522,-127086.028705,-125873.178348,
7.31833696365,86,-7947.38625853,-7805.72090217,-8376.2044759,-8003.22091618,-121340.624552,5756.60237749,-127078.674981,-125865.534051,
7.32217884064,87,-7912.69635113,-7475.13860168,-7119.2764782,-7970.27444485,-121308.259226,5687.49078363,-127044.432109,-125830.754737,
7.32614183426,88,-7912.20461276,-7499.07731999,-7307.03113163,-7969.96152043,-121308.728613,5690.28475169,-127045.125013,-125831.805269,
7.33137392998,89,-7944.45818001,-7837.41567581,-8601.93474316,-8000.80692778,-121340.021055,5759.06106938,-127078.473816,-125865.601106,
7.33710980415,90,-7944.92756664,-7843.16007413,-8545.78716109,-8001.34336964,-121340.736311,5760.80450544,-127079.211423,-125866.137548,
7.33817601204,91,-7913.81393836,-7519.9985528,-7288.85916339,-7971.61554952,-121311.790802,5695.73857733,-127048.343664,-125834.688644,
7.34325098991,92,-7906.50491792,-7453.97149968,-7126.13846375,-7964.93237793,-121306.024051,5681.65697833,-127042.219286,-125828.608969,
7.34805083275,93,-7937.10445608,-7788.6888729,-8433.11201729,-7994.05670095,-121335.684816,5748.48869425,-127073.91406,-125860.90724,
7.35041689873,94,-7946.35807828,-7872.35145239,-8673.92971205,-8002.99739873,-121344.938439,5767.2194561,-127083.435903,-125870.496138,
7.35459184647,95,-7916.22792676,-7572.27928308,-7488.86257277,-7974.36481409,-121316.708185,5705.70745536,-127053.506917,-125839.986007,
7.36149978638,96,-7900.24642947,-7422.92492663,-6996.58775289,-7959.32209007,-121302.604235,5674.3032544,-127038.575952,-125824.943283,
7.36178588867,97,-7928.70020016,-7733.45771235,-8230.91813694,-7986.5912183,-121330.454508,5736.44110399,-127068.326124,-125855.2746,
7.36706185341,98,-7943.98879337,-7889.20466771,-8759.62630029,-8001.18690743,-121345.318418,5768.87348519,-127083.994697,-125871.010229,
7.3711168766,99,-7918.23958376,-7628.91860353,-7711.21772661,-7976.80115423,-121321.267941,5716.0339613,-127058.424301,-125844.858688,
7.37331080437,100,-7893.69736835,-7404.1047578,-6923.25167933,-7953.57769174,-121298.916197,5668.04476595,-127034.843211,-125821.121135,
7.37737798691,101,-7921.99467683,-7672.03511858,-8001.20925918,-7980.84681998,-121326.967636,5725.01936257,-127064.526327,-125851.407749,
7.38170385361,102,-7945.75458118,-7896.22311547,-8797.91483854,-8003.48913711,-121349.855822,5772.82974396,-127088.621508,-125875.77115,
7.38772082329,103,-7925.05686582,-7689.51418275,-7942.55828173,-7983.73019501,-121330.454508,5730.83081613,-127068.013199,-125854.581696,
7.39048099518,104,-7893.92088579,-7409.62563868,-6924.81630144,-7954.24824408,-121301.77722,5670.79403052,-127037.65953,-125823.982158,
7.39456391335,105,-7910.52823192,-7606.4774521,-7759.54219813,-7970.2967966,-121318.496325,5708.9931618,-127055.71974,-125842.534106,
7.39742994308,106,-7940.52427298,-7887.05890024,-8783.34150116,-7998.99643648,-121347.553593,5768.96289217,-127086.453389,-125873.647734,
7.40174198151,107,-7925.7497699,-7743.04661072,-8161.87359832,-7984.87013398,-121333.784918,5739.68210693,-127071.678885,-125858.493252,
7.40674090385,108,-7891.68571135,-7425.83065341,-6981.96971202,-7952.50480801,-121302.179551,5672.4927631,-127038.240676,-125824.585655,
7.41055297852,109,-7904.1803365,-7544.80898914,-7518.72450337,-7964.73121223,-121315.322377,5697.8843448,-127052.076406,-125838.890772,
7.41453790665,110,-7936.56801421,-7864.10365869,-8712.0170846,-7995.64367481,-121346.74893,5764.53724677,-127085.335801,-125872.485444,
7.41965579987,111,-7928.02964783,-7791.16991653,-8356.80316172,-7987.37352936,-121338.747005,5749.06983961,-127076.842138,-125863.656505,
7.42248678207,112,-7894.79260383,-7462.37575559,-7101.43978613,-7955.94697666,-121307.856894,5681.54521961,-127044.029778,-125830.464164,
7.42569088936,113,-7897.6983306,-7491.36596815,-7301.35378854,-7959.09857262,-121311.857857,5688.04957724,-127048.455423,-125835.090975,
7.42975878716,114,-7930.53304321,-7830.08430363,-8596.05623437,-7990.50277358,-121343.642037,5757.27292982,-127082.340668,-125869.445606,
7.43338394165,115,-7932.56705196,-7835.0463909,-8531.32558242,-7992.42502361,-121345.877212,5760.24571183,-127084.397028,-125871.367856,
7.43797779083,116,-7900.20172598,-7509.64969512,-7270.28486374,-7961.69137498,-121315.702357,5693.6598651,-127052.434033,-125838.801365,
7.44150590897,117,-7892.80329857,-7446.41661005,-7118.62827762,-7954.94114815,-121309.868551,5680.07000447,-127046.264952,-125832.699339,
7.44652795792,118,-7927.04617107,-7785.33611123,-8431.4579882,-7987.77586076,-121343.284409,5750.63446172,-127081.670115,-125868.573888,
7.4503068924,119,-7934.28813628,-7864.81891451,-8662.15034272,-7994.6825498,-121350.347561,5767.04064215,-127089.135598,-125875.949964,
7.45339488983,120,-7901.7663481,-7562.10923935,-7473.73044178,-7963.79243896,-121319.882133,5703.24876347,-127056.859679,-125843.249362,
7.45723295212,121,-7885.06959499,-7414.02893234,-6990.08339525,-7948.19092133,-121305.129982,5671.39752762,-127041.258161,-125827.558437,
7.46122384071,122,-7917.27845875,-7729.05441869,-8229.55468053,-7978.99162519,-121336.645941,5737.17871155,-127074.674019,-125861.510737,
7.4652659893,123,-7932.63410719,-7882.65560659,-8748.94216644,-7993.52025908,-121351.375741,5769.29816834,-127090.297889,-125877.201662,
7.4701859951,124,-7906.01317954,-7619.46381563,-7693.15751709,-7968.10632564,-121326.431194,5715.40811246,-127063.766368,-125850.111347,
7.47419595718,125,-7882.6109031,-7398.62858041,-6918.3566473,-7945.97809863,-121305.197037,5668.98353922,-127041.325216,-125827.446679,
7.47821187973,126,-7908.74009237,-7666.00014758,-8001.27631441,-7971.05675591,-121330.946246,5723.90177535,-127068.750807,-125855.52047,
7.48132586479,127,-7932.16472055,-7888.31059793,-8789.26471344,-7993.56496257,-121353.588564,5771.26512185,-127092.600118,-125879.61565,
7.48536396027,128,-7908.91890632,-7678.20420005,-7926.64383967,-7971.5037908,-121331.88502,5726.76279864,-127069.600173,-125856.079263,
7.48930692673,129,-7878.56523735,-7399.99203682,-6915.60738273,-7942.69239219,-121303.945339,5667.48597234,-127040.051167,-125826.06087,
7.49335289001,130,-7899.48647016,-7602.36473112,-7761.01741326,-7962.94307267,-121325.023034,5710.17780425,-127062.38056,-125848.85965,
7.49737977982,131,-7927.7614269,-7879.48165887,-8776.39010863,-7989.98868346,-121352.269811,5768.24763635,-127091.348421,-125878.095732,
7.50214385986,132,-7911.04232204,-7731.15548267,-8143.2098917,-7973.98483443,-121336.467127,5736.66462143,-127074.606964,-125861.04135,
7.50613594055,133,-7879.07932747,-7417.71697017,-6972.3584619,-7943.67586895,-121307.096935,5671.82221077,-127043.269818,-125829.368929,
7.50928783417,134,-7890.23284796,-7537.96935534,-7518.9927243,-7954.53881675,-121318.742194,5696.14090873,-127055.742092,-125842.265885,
7.51337194443,135,-7921.94997334,-7855.83351324,-8708.10552932,-7984.91483747,-121349.475843,5761.9891479,-127088.39799,-125875.324115,
7.51725792885,136,-7913.8362901,-7781.78218386,-8347.08015288,-7977.1364304,-121341.988008,5746.8570169,-127080.418418,-125866.986915,
7.52126097679,137,-7879.25814143,-7451.55751128,-7092.56614358,-7944.27936605,-121309.734441,5677.85718177,-127046.220248,-125832.364062,
7.52531290054,138,-7882.67795833,-7483.27463666,-7301.55495424,-7947.78858993,-121314.137735,5684.89798127,-127050.757653,-125837.169687,
7.53013396263,139,-7916.40674071,-7822.19413783,-8592.32349304,-7980.08686067,-121346.74893,5754.97070014,-127085.514615,-125872.44074,
7.53413796425,140,-7916.2502785,-7822.35060005,-8515.34408514,-7979.86334322,-121346.905392,5755.50714201,-127085.58167,-125872.261926,
7.53725481033,141,-7882.65560659,-7496.17159321,-7254.86216007,-7947.9227004,-121315.456488,5687.80370805,-127052.165813,-125838.35433,
7.54123783112,142,-7873.33492915,-7433.89963316,-7114.73907408,-7939.18316831,-121307.633377,5672.55981833,-127044.119185,-125830.397109,
7.54526090622,143,-7906.66138013,-7772.23798898,-8426.98763931,-7971.14616288,-121340.177517,5742.2302058,-127078.65263,-125865.444644,
7.54922389984,144,-7915.08798779,-7851.27375737,-8651.1309327,-7979.21514263,-121348.470014,5759.7763252,-127087.325107,-125874.117121,
7.55327796936,145,-7884.35433917,-7548.83230315,-7460.38645034,-7950.00141263,-121319.792726,5697.63847561,-127056.74792,-125843.0929,
7.55805397034,146,-7870.18333318,-7405.42351072,-6989.39049117,-7936.79153166,-121307.476915,5668.4694491,-127043.649798,-125829.950074,
7.5620598793,147,-7903.50978416,-7722.23713663,-8233.06390441,-7968.75452623,-121339.976351,5735.36822025,-127078.116188,-125865.019961,
7.56508398056,148,-7916.8537756,-7871.21151343,-8738.54860527,-7981.33855836,-121352.828604,5765.18544736,-127091.773104,-125878.676877,
7.56909990311,149,-7888.02002526,-7605.20340266,-7675.25376979,-7953.71180221,-121325.626531,5708.94845831,-127062.872298,-125849.261981,
7.5730919838,150,-7867.0764407,-7388.81616459,-6910.51118499,-7934.06461883,-121306.739307,5665.22844615,-127042.889839,-125829.078356,
7.57705283165,151,-7894.74790034,-7659.49578994,-8000.62811382,-7960.77495346,-121334.142546,5721.93482184,-127072.014162,-125858.694417,
7.58171391487,152,-7916.07146455,-7878.52053386,-8781.01691973,-7981.1597444,-121354.661447,5767.35356657,-127093.829464,-125880.777941,
7.58571887016,153,-7895.17258348,-7668.25767377,-7911.93639182,-7961.31139532,-121335.193078,5724.77349338,-127072.930583,-125859.432025,
7.58999180794,154,-7866.11531569,-7392.72771987,-6909.28183905,-7933.77404616,-121308.482743,5666.83777175,-127044.588571,-125830.821792,
7.5937268734,155,-7884.57785661,-7594.87689672,-7761.33033768,-7951.56603474,-121327.057043,5707.16031875,-127064.503975,-125851.161879,
7.59773683548,156,-7912.00344706,-7869.06574596,-8766.51063758,-7977.69522401,-121353.476805,5764.09021188,-127092.62247,-125879.503891,
7.60166597366,157,-7895.6866736,-7720.06901742,-8126.17786243,-7962.02665115,-121338.076453,5732.70836266,-127076.238641,-125862.807138,
7.6056728363,158,-7863.16488542,-7407.30105726,-6959.41680186,-7931.29300252,-121307.92395,5667.48597234,-127044.297998,-125830.464164,
7.60967683792,159,-7874.45251637,-7530.21330002,-7516.55638415,-7942.20065382,-121319.815078,5692.2517052,-127056.971438,-125843.383472,
7.61369395256,160,-7904.82853709,-7846.37872534,-8701.28824726,-7971.16851463,-121349.140566,5756.80354319,-127088.219176,-125875.055894,
7.61767888069,161,-7897.72068235,-7770.51690465,-8330.76337943,-7964.39593606,-121342.613857,5742.38666801,-127081.133673,-125867.791577,
7.62164187431,162,-7863.27664414,-7440.49339777,-7077.97045445,-7931.7847409,-121310.673214,5673.58799858,-127047.248429,-125833.369891,
7.62562394142,163,-7868.2834349,-7476.23383716,-7298.11278559,-7936.79153166,-121316.64113,5682.34988241,-127053.439862,-125839.918952,
7.63000583649,164,-7902.54865915,-7814.39337902,-8585.10387958,-7969.62624426,-121349.788767,5752.62376697,-127088.599156,-125875.659391,
7.63369488716,165,-7898.25712422,-7809.07366384,-8497.32857911,-7965.33470933,-121345.608991,5748.93572914,-127084.307621,-125871.189042,
7.63830399513,166,-7865.17654242,-7483.2969884,-7236.31021217,-7933.84110139,-121314.741232,5681.85814403,-127051.539964,-125837.84024,
7.64205479622,167,-7857.73341152,-7425.76359818,-7108.83821354,-7926.84500537,-121308.661557,5668.69296654,-127045.236772,-125831.648807,
7.64800596237,168,-7890.74693808,-7764.99602377,-8422.45023518,-7958.49507552,-121340.915125,5738.31865052,-127079.412589,-125866.383417,
7.64976191521,169,-7898.36888294,-7840.54492003,-8632.84720574,-7965.8264477,-121348.447662,5754.65777572,-127087.302755,-125874.184176,
7.65376996994,170,-7870.40685062,-7539.48927396,-7439.57697625,-7939.38433401,-121322.40788,5694.97861802,-127059.474833,-125845.730406,
7.65771198273,171,-7855.16296091,-7397.04160655,-6978.25932244,-7925.05686582,-121308.996833,5664.91552173,-127045.303827,-125831.537048,
7.66172480583,172,-7884.28728393,-7709.80956671,-8219.74226472,-7952.79538069,-121337.383549,5727.70157191,-127075.657496,-125862.382455,
7.66499185562,173,-7900.93933355,-7860.66149004,-8721.44952076,-7968.70982274,-121353.566212,5760.73745021,-127092.577766,-125879.347429,
7.66997790337,174,-7873.64785357,-7595.43569034,-7658.0652783,-7942.71474394,-121327.906409,5706.02037978,-127065.353342,-125851.653618,
7.67413187027,175,-7849.46326607,-7377.9085133,-6900.25173429,-7919.82655762,-121305.912293,5659.37228911,-127042.152231,-125828.206638,
7.67701196671,176,-7876.95591175,-7650.46568518,-7998.5046981,-7946.20161607,-121333.04731,5716.16807177,-127070.941278,-125857.599182,
7.68164896965,177,-7899.53117365,-7868.17167618,-8769.50577134,-7967.81575296,-121354.907317,5762.25736883,-127094.03063,-125880.867348,
7.68566799164,178,-7880.71100482,-7658.31114749,-7895.53021139,-7950.02376437,-121337.361197,5721.55484218,-127075.232813,-125861.600144,
7.68920397758,179,-7850.17852189,-7382.132993,-6896.34017901,-7921.01120007,-121309.220351,5662.34507112,-127045.437937,-125831.514696,
7.69390082359,180,-7869.44572561,-7586.49499255,-7756.14473297,-7939.51844448,-121328.487555,5703.62874313,-127066.068598,-125852.614743,
7.69797086716,181,-7896.6925021,-7860.05799294,-8756.87703572,-7965.60293026,-121354.706151,5760.33511881,-127093.985926,-125880.867348,
7.70189785957,182,-7881.4039089,-7710.61422951,-8111.93980121,-7950.89548241,-121340.46809,5729.80263588,-127078.674981,-125865.221127,
7.70604491234,183,-7849.731487,-7398.96385657,-6948.66561278,-7920.83238612,-121311.097897,5665.29550139,-127047.427243,-125833.48165,
7.70897483826,184,-7862.78490577,-7526.48055869,-7517.91984056,-7933.68463918,-121324.754813,5692.34111218,-127061.888821,-125848.34556,
7.71287488937,185,-7892.08804275,-7840.14258863,-8697.22022977,-7961.64667149,-121353.074474,5755.79771469,-127092.10838,-125878.922746,
7.7169649601,186,-7881.35920541,-7758.91634928,-8315.94417285,-7951.25311032,-121342.882078,5737.44693249,-127081.424246,-125867.94804,
7.72120881081,187,-7848.85976897,-7430.65863021,-7064.51470429,-7920.40770297,-121312.617816,5670.36934738,-127049.215382,-125835.314493,
7.72899580002,188,-7851.31846086,-7465.39324109,-7290.2226198,-7922.93345009,-121316.082336,5676.78429804,-127052.948124,-125839.293103,
7.73191380501,189,-7884.86842929,-7803.19515505,-8576.43140273,-7955.07525862,-121348.67118,5746.61114771,-127087.459217,-125874.340638,
7.73519897461,190,-7884.08611823,-7799.73063466,-8485.32569233,-7954.22589233,-121348.045331,5746.16411283,-127086.699258,-125873.424217,
7.73885393143,191,-7850.5361498,-7473.39516561,-7224.77671203,-7922.21819427,-121316.685834,5678.48303062,-127053.395158,-125839.471917,
7.74274897575,192,-7844.43412357,-7419.14748182,-7106.49128038,-7916.74201688,-121311.947264,5667.01658571,-127048.54483,-125834.733347,
7.74477696419,193,-7878.29701642,-7758.93870103,-8420.61739214,-7949.21910157,-121344.893735,5737.402229,-127083.52531,-125870.205566,
7.75048279762,194,-7886.74597582,-7833.81704495,-8626.56636555,-7957.1763226,-121353.186232,5754.41190653,-127092.220139,-125878.743932,
7.75464582443,195,-7856.12408592,-7530.10154129,-7431.15036859,-7928.07435132,-121324.620703,5691.98348427,-127061.732359,-125847.719711,
7.76085877419,196,-7839.22616711,-7386.58099015,-6971.5537991,-7912.00344706,-121309.421517,5660.24400714,-127045.773214,-125831.849972,
7.76107478142,197,-7869.66924306,-7701.89704918,-8217.75295946,-7941.19482531,-121339.05993,5724.54997594,-127077.400932,-125864.103539,
7.76479792595,198,-7884.95783627,-7850.78201899,-8714.69929394,-7955.7681627,-121353.789729,5756.11063911,-127092.980098,-125879.705057,
7.7690179348,199,-7858.67218479,-7586.38323383,-7650.219816,-7930.66715368,-121329.180459,5702.35469369,-127066.649743,-125852.927667,
7.77578377724,200,-7835.42637055,-7371.24769345,-6896.96602785,-7908.71774062,-121308.013357,5656.82419024,-127044.275647,-125830.352405,
7.77704596519,201,-7862.82960925,-7643.26842347,-7991.91093348,-7935.07044733,-121335.014264,5713.39645545,-127072.997638,-125859.476728,
7.78247690201,202,-7883.84024904,-7859.00746095,-8759.02280319,-7955.23172083,-121355.264944,5757.87642692,-127094.522368,-125881.202624,
7.78773593903,203,-7860.840304,-7644.36365895,-7879.72752806,-7933.12584557,-121333.673159,5712.86001359,-127071.656534,-125857.867403,
7.78961992264,204,-7833.61587925,-7371.24769345,-6884.38199572,-7907.35428421,-121308.818019,5656.80183849,-127045.169716,-125831.090013,
7.79457592964,205,-7853.93361496,-7577.28607384,-7746.91346251,-7926.97911584,-121329.091052,5699.42661517,-127066.694446,-125853.21824,
7.79667687416,206,-7879.90634202,-7849.3291556,-8745.94703268,-7951.76720044,-121354.080302,5754.85894142,-127093.225967,-125880.017982,
7.80066180229,207,-7866.33883313,-7701.6064765,-8101.70270225,-7938.75848517,-121341.518622,5726.15930154,-127079.68081,-125866.048141,
7.80642485619,208,-7834.80052171,-7391.56542916,-6942.76475224,-7908.91890632,-121312.439002,5662.14390542,-127048.745996,-125834.800402,
7.81052589417,209,-7845.81993172,-7516.9810673,-7509.42617767,-7919.69244715,-121324.039557,5686.97669351,-127061.173566,-125847.630304,
7.81473398209,210,-7875.61480708,-7830.12900712,-8684.72560462,-7947.98975563,-121352.538032,5750.50035125,-127091.59429,-125878.408656,
7.81655979156,211,-7866.42824011,-7749.64037533,-8302.80134711,-7939.09376134,-121343.865555,5733.51302546,-127082.452426,-125868.953868,
7.82050585747,212,-7833.21354785,-7419.97449636,-7050.43310528,-7907.6001534,-121313.064851,5665.69783279,-127049.57301,-125835.649769,
7.82469391823,213,-7835.00168741,-7455.02203167,-7280.25374177,-7909.52240342,-121315.925874,5671.82221077,-127052.702254,-125838.957827,
7.82855296135,214,-7869.53513259,-7793.94153284,-8566.86485611,-7942.71474394,-121349.386436,5742.6325372,-127088.308583,-125875.011191,
7.83257293701,215,-7870.76447854,-7792.68983515,-8476.63086374,-7943.89938639,-121350.72754,5744.13010408,-127089.627336,-125876.128778,
7.83843684196,216,-7835.15814962,-7465.37088935,-7216.93124973,-7909.83532784,-121317.378738,5674.66088231,-127054.333932,-125840.27658,
7.84245300293,217,-7828.27381233,-7410.31854276,-7098.44465237,-7903.53213591,-121311.969615,5662.45682984,-127048.67894,-125834.710996,
7.84463882446,218,-7863.09783019,-7750.31092767,-8410.58145888,-7936.94799387,-121345.787805,5733.69183942,-127084.575842,-125871.211394,
7.84850478172,219,-7869.71394655,-7823.04350412,-8613.28942934,-7943.16177883,-121352.225107,5748.60045297,-127091.259014,-125877.849862,
7.85266089439,220,-7835.47107404,-7515.01411379,-7411.92786836,-7910.48352843,-121319.97154,5682.57339985,-127057.194955,-125843.204658,
7.85647392273,221,-7819.37781803,-7373.25935045,-6956.64518555,-7895.26199046,-121305.711127,5651.99621344,-127042.174583,-125828.072527,
7.86064696312,222,-7847.65277477,-7686.51904899,-8201.59264822,-7922.21819427,-121333.29318,5714.20111825,-127071.61183,-125858.113272,
7.86563897133,223,-7864.95302498,-7836.99099266,-8698.98601758,-7938.78083691,-121350.056988,5747.70638319,-127089.180301,-125875.793502,
7.86965084076,224,-7836.36514382,-7570.75936446,-7633.00897277,-7911.6234674,-121323.167839,5691.87172554,-127060.637124,-125846.825641,
7.87264800072,225,-7814.0804546,-7356.09321071,-6881.2527515,-7890.59047587,-121303.006566,5647.32469884,-127039.246504,-125825.233856,
7.87592291832,226,-7840.36610608,-7627.08576048,-7976.57763679,-7915.95970582,-121328.956941,5702.95819079,-127066.917964,-125853.441757,
7.88051080704,227,-7863.6566238,-7844.27766136,-8741.90136694,-7938.28909854,-121351.509851,5749.53922624,-127090.633165,-125877.31342,
7.88444781303,228,-7844.43412357,-7632.40547566,-7862.13670518,-7919.91596459,-121333.494345,5708.05438853,-127071.298906,-125857.57683,
7.88860988617,229,-7815.66742845,-7359.22245493,-6870.52391416,-7892.55742938,-121306.918121,5650.76686749,-127043.336873,-125829.234818,
7.8943669796,230,-7834.80052171,-7564.9479109,-7734.77646527,-7911.04232204,-121326.207677,5692.29640869,-127063.900478,-125850.26781,
7.8984708786,231,-7863.2542924,-7838.62267001,-8733.09477962,-7938.11028458,-121353.54386,5750.05331636,-127092.845987,-125879.503891,
7.90044689178,232,-7848.39038234,-7689.71534845,-8087.77756545,-7923.96163034,-121339.618723,5720.03492356,-127077.937374,-125864.192946,
7.90443778038,233,-7815.80153892,-7378.55671389,-6930.24777535,-7892.93740904,-121309.33211,5654.90194021,-127045.840269,-125831.671158,
7.90839791298,234,-7830.79955945,-7508.085073,-7504.21822121,-7907.51074642,-121324.777165,5683.75804231,-127062.067635,-125848.34556,
7.91259384155,235,-7860.72854528,-7820.47305351,-8676.03077603,-7936.07627583,-121353.566212,5747.32640354,-127092.734229,-125879.459188,
7.91646194458,236,-7852.19017889,-7739.62679382,-8292.36308245,-7927.7614269,-121345.586639,5730.71905741,-127084.128807,-125870.607897,
7.92056679726,237,-7818.32728604,-7411.45848172,-7047.48267501,-7895.66432186,-121314.093031,5662.56858856,-127050.802356,-125836.610894,
7.92635393143,238,-7822.55176575,-7450.30581359,-7284.27705577,-7900.00056028,-121319.368043,5671.26341716,-127056.300885,-125842.377644,
7.92842578888,239,-7859.90153073,-7790.4993642,-8566.9095596,-7935.74099967,-121355.488462,5744.53243548,-127094.41061,-125881.02381,
7.93235397339,240,-7859.78977201,-7787.59363742,-8473.50161952,-7935.69629618,-121355.510814,5744.80065641,-127094.388258,-125880.867348,
7.93635582924,241,-7824.541071,-7461.3252236,-7217.62415381,-7902.19103124,-121322.519639,5675.59965558,-127059.385426,-125845.462185,
7.94088983536,242,-7817.05323661,-7407.34576074,-7105.1948792,-7895.26199046,-121316.529371,5663.01562345,-127053.104586,-125839.226048,
7.94520783424,243,-7849.86559747,-7743.67245956,-8408.72626409,-7926.62148793,-121348.2912,5731.90369986,-127086.922775,-125873.558327,
7.95160794258,244,-7856.48171383,-7814.03575111,-8602.67235073,-7932.72351417,-121354.594392,5746.43233376,-127093.605947,-125880.152092,
7.95669984818,245,-7822.59646923,-7507.92861079,-7408.3292375,-7900.24642947,-121322.497287,5680.94172251,-127059.810109,-125845.842164,
7.95792293549,246,-7808.67133244,-7371.09123124,-6965.60823507,-7887.26006594,-121310.315586,5652.80087624,-127046.935504,-125832.855801,
7.96168589592,247,-7842.93655669,-7689.26831356,-8210.98038089,-7920.31829599,-121343.999665,5720.95134508,-127082.407723,-125868.953868,
7.96454787254,248,-7859.70036503,-7837.57213802,-8700.72945365,-7936.43390375,-121360.294087,5753.85311292,-127099.462104,-125886.187063,
7.96874094009,249,-7833.21354785,-7573.24040809,-7639.08864726,-7911.0199703,-121335.438947,5699.78424308,-127072.818824,-125859.141452,
7.97275280952,250,-7808.78309116,-7359.71419331,-6898.62005694,-7888.02002526,-121313.131906,5653.35966985,-127049.394196,-125835.448603,
7.97674298286,251,-7834.71111473,-7629.49974889,-7989.38518636,-7912.78575811,-121338.54584,5708.25555423,-127076.48451,-125863.120063,
7.98269987106,252,-7855.02885044,-7839.69555374,-8737.45336979,-7932.00825834,-121357.947154,5751.23795882,-127097.182226,-125883.907185,
7.98776984215,253,-7831.13483562,-7624.00121975,-7855.67705103,-7909.27653423,-121335.461299,5705.37217919,-127073.377618,-125859.677894,
7.98858499527,254,-7803.99981785,-7355.26619616,-6877.85528634,-7883.72849032,-121310.561456,5650.05161167,-127047.024911,-125832.945208,
7.99276900291,255,-7824.60812624,-7563.1374196,-7745.97468924,-7903.44272893,-121331.102709,5692.94460928,-127068.884917,-125855.162842,
7.99671387672,0,-7853.01719344,-7834.19702461,-8730.99371564,-7930.55539495,-121358.66241,5750.50035125,-127097.852778,-125884.533034,
8.00283479691,1,-7839.22616711,-7684.77561292,-8082.05551887,-7917.47962445,-121345.72075,5721.30897299,-127083.90529,-125870.339676,
8.00547099113,2,-7808.78309116,-7378.06497551,-6936.34980158,-7888.69057759,-121317.602255,5658.56762631,-127054.021007,-125839.963655,
8.01176095009,3,-7821.81415818,-7506.94513404,-7511.32607595,-7901.27460972,-121330.99095,5685.47912663,-127068.370827,-125854.6264,
8.01258683205,4,-7850.67026027,-7815.01922786,-8668.36412768,-7928.63314493,-121358.707113,5747.37110703,-127097.87513,-125884.510682,
8.01774597168,5,-7842.80244622,-7734.2400234,-8280.11432649,-7921.16766228,-121351.554555,5731.5684237,-127090.074371,-125876.441702,
8.02067780495,6,-7811.4653005,-7410.22913578,-7044.3087273,-7891.37278692,-121322.40788,5666.12251593,-127058.983095,-125844.992798,
8.0247027874,7,-7813.85693715,-7449.32233683,-7287.47335523,-7893.8761823,-121325.693587,5673.18566718,-127062.715836,-125848.837298,
8.02976679802,8,-7847.07162941,-7784.79966936,-8561.81336186,-7925.77212164,-121357.924802,5742.40901976,-127096.914005,-125883.437798,
8.03422880173,9,-7846.17755964,-7778.31766347,-8458.2577298,-7924.81099663,-121357.142491,5741.44789475,-127096.042287,-125882.409618,
8.04078483582,10,-7811.42059701,-7453.03272641,-7206.71650251,-7891.6633596,-121324.508944,5672.82803927,-127061.553545,-125847.473842,
8.04109477997,11,-7803.03869284,-7399.96968507,-7100.81393728,-7883.86260079,-121317.579903,5659.46169608,-127054.400987,-125840.388339,
8.04356384277,12,-7837.23686185,-7736.56460483,-8400.54552562,-7916.47379595,-121350.682837,5729.53441495,-127089.426171,-125876.061723,
8.04951882362,13,-7844.0988474,-7806.14558532,-8588.30017904,-7923.00050533,-121357.25425,5744.39832501,-127096.444618,-125882.968412,
8.05343294144,14,-7813.4769575,-7503.6594276,-7397.6674554,-7894.01029277,-121328.711072,5682.26047543,-127066.113301,-125852.011246,
8.05729079247,15,-7798.09895731,-7367.4031934,-6961.98725247,-7879.48165887,-121315.031804,5652.89028321,-127051.763481,-125837.661426,
8.061439991,16,-7830.03960014,-7683.70272919,-8204.43131977,-7910.14825227,-121346.279543,5718.73852238,-127084.844063,-125871.367856,
8.06734681129,17,-7843.85297821,-7826.64213498,-8681.55165691,-7923.24637452,-121359.556479,5748.30988029,-127098.925662,-125885.449455,
8.06879782677,18,-7816.44973951,-7560.94694864,-7617.18393769,-7897.11718525,-121333.784918,5693.30223719,-127071.544775,-125857.57683,
8.07273793221,19,-7793.78507063,-7350.23705366,-6883.10794629,-7875.65951057,-121313.109554,5648.66580351,-127049.684769,-125835.53801,
8.07674598694,20,-7818.77432093,-7619.08383597,-7974.05188966,-7899.59822888,-121337.674122,5702.77937684,-127075.97042,-125862.3154,
8.08141279221,21,-7839.33792583,-7828.89966117,-8717.6497242,-7919.15600528,-121357.366008,5746.03000236,-127096.869301,-125883.437798,
8.08533787727,22,-7817.45556801,-7614.41232138,-7835.71694323,-7898.16771724,-121336.847107,5702.01941753,-127074.964592,-125861.130757,
8.08933091164,23,-7791.59459968,-7348.53832108,-6866.03121353,-7873.82666753,-121313.333072,5648.24112037,-127049.930638,-125835.761528,
8.09543800354,24,-7810.8618034,-7556.49895149,-7736.31873564,-7892.44567066,-121332.510869,5690.08358599,-127070.494243,-125856.705112,
8.09939885139,25,-7838.51091129,-7824.65282972,-8713.2240788,-7918.88778435,-121359.1765,5746.52174074,-127098.657441,-125885.158883,
8.10120201111,26,-7821.74710295,-7671.36456625,-8057.78152439,-7902.74982485,-121343.306761,5714.31287698,-127081.848929,-125867.992743,
8.10735082626,27,-7788.42065196,-7363.1787137,-6916.54615599,-7871.03269947,-121312.304892,5648.88932096,-127049.036568,-125834.845106,
8.11132192612,28,-7802.59165795,-7493.48938388,-7497.64680834,-7884.8237258,-121326.922932,5677.03016723,-127064.459272,-125850.603086,
8.11532998085,29,-7834.88992869,-7803.86570738,-8652.78496179,-7915.60207791,-121358.081264,5742.34196452,-127097.316336,-125883.929537,
8.11932277679,30,-7827.04446638,-7721.70069476,-8259.19309368,-7908.04718829,-121350.72754,5726.27106026,-127089.403819,-125875.77115,
8.12332296371,31,-7792.84629736,-7396.88514434,-7028.86367188,-7875.61480708,-121318.876304,5658.32175712,-127055.71974,-125841.572981,
8.12742495537,32,-7795.10382355,-7439.08523787,-7282.80184064,-7878.05114723,-121322.139659,5665.76488802,-127059.363074,-125845.395129,
8.13138484955,33,-7829.65962048,-7773.44498318,-8548.06703902,-7910.99761856,-121355.533165,5735.88231038,-127094.701182,-125881.224976,
8.1352930069,34,-7833.14649262,-7769.22050348,-8438.27527026,-7914.55154592,-121359.265907,5739.10096158,-127098.344517,-125884.555386,
8.13927793503,35,-7799.39535849,-7445.85781644,-7192.50079304,-7882.36503391,-121327.52643,5671.53163809,-127064.615734,-125850.536031,
8.14329600334,36,-7790.9016956,-7395.07465304,-7097.99761748,-7874.45251637,-121320.440927,5658.16529491,-127057.396121,-125843.383472,
8.14730286598,37,-7824.78694019,-7730.17200591,-8391.940104,-7906.7954906,-121353.365046,5727.81333063,-127092.309546,-125878.743932,
8.15131497383,38,-7829.50315827,-7794.70149215,-8566.95426309,-7911.04232204,-121357.701285,5740.08443833,-127097.003412,-125883.348391,
8.15525794029,39,-7798.81421313,-7492.75177631,-7380.03192902,-7881.8062403,-121329.001645,5677.99129224,-127066.470929,-125852.301818,
8.15541601181,40,-7786.69956764,-7363.91632127,-6963.26130191,-7870.58566458,-121318.652787,5652.3314896,-127055.33976,-125841.193001,
8.16108798981,41,-7817.76849243,-7678.78534541,-8201.72675869,-7900.42524343,-121349.05116,5717.26330725,-127087.638031,-125874.050066,
8.1642999649,42,-7831.53716702,-7818.28258256,-8665.2572352,-7913.52336568,-121362.26104,5746.36527853,-127101.652575,-125888.042258,
8.16832685471,43,-7804.49155623,-7552.34152703,-7601.29184738,-7887.79650781,-121336.958866,5691.71526333,-127074.763426,-125860.683723,
8.17231297493,44,-7783.43621295,-7345.96787047,-6882.61620791,-7867.90345525,-121317.870476,5648.86696921,-127054.44569,-125840.164821,
8.17631483078,45,-7806.72673067,-7614.38996963,-7975.14712514,-7890.03168226,-121340.579848,5701.23710647,-127078.876147,-125865.176423,
8.1809489727,46,-7825.97158265,-7820.29423956,-8705.44567173,-7908.4048162,-121359.087093,5743.07957209,-127098.590386,-125885.069476,
8.18485498428,47,-7807.55374522,-7608.6902748,-7823.69170471,-7891.10456599,-121342.055063,5702.55585939,-127080.261955,-125866.226955,
8.18883085251,48,-7781.82688735,-7346.54901583,-6868.3334432,-7866.78586802,-121318.541028,5649.24694887,-127055.228002,-125840.857725,
8.19294691086,49,-7799.32830326,-7553.74968693,-7742.1301892,-7883.48262113,-121336.042444,5689.36833016,-127073.936412,-125860.080225,
8.19694590569,50,-7824.40696054,-7816.65090521,-8704.93158161,-7907.30958072,-121360.048218,5742.8337029,-127099.484456,-125885.89649,
8.2009267807,51,-7808.69368418,-7662.0885923,-8042.69409689,-7892.2668567,-121345.184308,5711.4071502,-127083.748827,-125869.713827,
8.20492887497,52,-7775.83661983,-7355.84734152,-6910.01944661,-7860.92971098,-121314.517714,5646.47533256,-127051.271743,-125836.879115,
8.20885491371,53,-7788.59946592,-7488.01320648,-7500.50783163,-7873.29022566,-121327.705244,5673.4985916,-127065.219231,-125851.318342,
8.21284985542,54,-7818.79667268,-7794.58973343,-8644.33600239,-7902.19103124,-121356.829567,5736.75402841,-127096.198749,-125882.722543,
8.21680784225,55,-7809.31953303,-7709.0496074,-8240.66349753,-7893.11622299,-121347.978276,5718.98439157,-127086.85572,-125872.82072,
8.22082901001,56,-7777.60240765,-7388.14561226,-7018.38070373,-7863.0531267,-121318.541028,5653.5384838,-127055.451519,-125840.947132,
8.22480487823,57,-7782.07275654,-7433.87728141,-7281.57249469,-7867.56817908,-121323.81604,5663.12738217,-127061.084159,-125847.004455,
8.22882390022,58,-7815.15333833,-7765.26424471,-8539.68513485,-7899.12884225,-121355.711979,5731.7695894,-127094.991755,-125881.381438,
8.23280882835,59,-7813.09697784,-7753.12724747,-8416.05763627,-7896.96072304,-121353.812081,5729.10973181,-127092.935394,-125879.123912,
8.23684287071,60,-7781.06692804,-7431.1056651,-7172.3171678,-7866.56235058,-121323.95015,5663.21678915,-127060.994752,-125846.825641,
8.24077796936,61,-7775.74721286,-7386.13395526,-7092.61084707,-7861.75672552,-121320.038595,5653.40437334,-127056.971438,-125842.824679,
8.2447719574,62,-7808.91720163,-7720.60545929,-8384.94400799,-7893.42914741,-121352.1357,5722.38185673,-127091.169607,-125877.469883,
8.24878001213,63,-7817.81319592,-7787.57128567,-8556.49364668,-7901.92281031,-121360.763474,5738.67627843,-127100.132656,-125886.343525,
8.25276088715,64,-7786.76662287,-7485.53216285,-7370.86771379,-7872.41850763,-121331.661502,5676.29255966,-127069.130787,-125854.939324,
8.25694084167,65,-7773.19911399,-7356.49554211,-6959.93089198,-7859.67801329,-121319.792726,5649.20224538,-127056.546754,-125842.355292,
8.26081490517,66,-7804.42450099,-7671.81160114,-8199.64804645,-7889.62935086,-121350.21345,5714.20111825,-127089.001487,-125875.324115,
8.26520299911,67,-7815.95800113,-7807.46433824,-8652.56144435,-7900.42524343,-121361.277564,5740.88910113,-127100.82556,-125887.081133,
8.26819992065,68,-7787.52658218,-7538.93048035,-7582.42697506,-7873.3125774,-121334.477822,5684.67446383,-127072.327086,-125858.09092,
8.27251887321,69,-7766.82886682,-7335.23903313,-6873.72021362,-7853.73244926,-121315.74706,5642.54142553,-127052.344626,-125837.996702,
8.27681183815,70,-7795.10382355,-7609.74080679,-7975.50475305,-7880.86746703,-121343.41852,5699.98540878,-127081.781874,-125867.970391,
8.28098487854,71,-7815.10863484,-7815.10863484,-8701.28824726,-7899.97820854,-121362.685724,5742.49842674,-127102.23372,-125888.623403,
8.28505992889,72,-7789.27001825,-7595.81566999,-7810.16889932,-7875.21247568,-121338.232915,5694.53158313,-127076.529214,-125862.3154,
8.28925991058,73,-7762.44792491,-7333.27207962,-6857.91753029,-7849.75383875,-121313.511886,5640.08273364,-127050.265914,-125835.761528,
8.29348087311,74,-7783.74913737,-7545.52424497,-7739.22446242,-7870.2950919,-121334.857802,5684.22742894,-127072.863528,-125858.895583,
8.29698586464,75,-7812.89581214,-7810.8618034,-8698.78485188,-7898.05595852,-121362.842186,5741.51494998,-127102.345479,-125888.645755,
8.3009929657,76,-7799.32830326,-7656.29949049,-8030.95943105,-7885.18135371,-121350.124043,5711.85418509,-127088.733266,-125874.653563,
8.30716896057,77,-7766.13596274,-7350.72879204,-6901.57048721,-7853.55363531,-121319.211581,5646.85531221,-127056.010313,-125841.483574,
8.30881690979,78,-7778.3847187,-7484.86161052,-7500.26196245,-7865.55652208,-121331.996778,5673.74446079,-127069.711932,-125855.609877,
8.31343793869,79,-7810.90650688,-7793.29333225,-8643.73250529,-7896.71485385,-121363.423331,5739.23507204,-127102.814865,-125889.249252,
8.31690788269,80,-7801.58582945,-7706.94854342,-8235.00850618,-7887.75180432,-121354.57204,5721.4654352,-127093.449485,-125879.593298,
8.32113981247,81,-7767.99115753,-7383.42939418,-7010.69170364,-7855.76645801,-121323.257246,5653.98551869,-127060.190089,-125845.819813,
8.32436299324,82,-7770.7404221,-7429.63044997,-7282.62302668,-7858.4263156,-121326.721767,5661.98744321,-127064.034589,-125850.02194,
8.32710289955,83,-7803.55278296,-7760.50332314,-8539.39456217,-7889.71875783,-121358.438892,5730.24967077,-127097.696316,-125884.108351,
8.33300495148,84,-7800.04355908,-7744.47712236,-8405.30644718,-7886.14247872,-121355.063779,5725.86872886,-127094.231796,-125880.353258,
8.33699798584,85,-7768.9299308,-7423.59547896,-7161.76714441,-7856.68287953,-121326.095918,5660.95926296,-127063.229926,-125848.85965,
8.34117078781,86,-7763.52080864,-7380.7248331,-7091.15798368,-7851.72079226,-121321.983197,5651.34801285,-127058.960743,-125844.702225,
8.34500694275,87,-7795.97554159,-7714.95046794,-8385.83807776,-7882.65560659,-121353.454453,5719.72199914,-127092.466008,-125878.766284,
8.34900379181,88,-7803.73159691,-7779.63641639,-8550.59278614,-7890.09873749,-121360.942288,5734.85413013,-127100.266767,-125886.544691,
8.35295295715,89,-7773.08735527,-7476.52440983,-7360.74237355,-7860.840304,-121332.175592,5672.51511485,-127069.667228,-125855.319304,
8.35536694527,90,-7758.75988707,-7348.11363794,-6955.95228147,-7847.40690558,-121319.479802,5644.8883587,-127056.300885,-125841.930609,
8.36089086533,91,-7793.80742238,-7667.85534237,-8202.73258719,-7881.15803971,-121353.722674,5713.8211386,-127092.510711,-125878.788636,
8.36455583572,92,-7806.65967544,-7802.34578876,-8648.73929605,-7893.40679567,-121366.105541,5741.44789475,-127105.631185,-125891.931461,
8.36838078499,93,-7778.11649777,-7533.52135819,-7577.39783256,-7866.04826046,-121339.104633,5685.12149872,-127077.065656,-125862.874194,
8.37226200104,94,-7755.96591901,-7329.91931795,-6873.98843455,-7844.99291718,-121318.853953,5641.69205924,-127055.518574,-125841.193001,
8.37605690956,95,-7783.52561993,-7605.22575441,-7980.73506126,-7871.52443785,-121345.966619,5698.6890076,-127084.329973,-125870.540842,
8.38009881973,96,-7804.71507367,-7810.81709991,-8702.33877925,-7891.75276658,-121366.306706,5742.20785406,-127105.899406,-125892.244386,
8.38371181488,97,-7783.30210248,-7593.91577171,-7808.42546325,-7871.25621691,-121346.078377,5698.30902795,-127084.397028,-125870.317324,
8.3877248764,98,-7755.31771842,-7331.17101564,-6858.6774896,-7844.65764101,-121320.262113,5642.8767017,-127057.060845,-125842.690568,
8.39169478416,99,-7773.37792794,-7541.61268969,-7743.02425897,-7862.02494645,-121338.255267,5683.75804231,-127076.395104,-125862.44951,
8.39583587646,100,-7799.03773058,-7801.85405038,-8693.39808147,-7886.32129268,-121362.730427,5737.29047028,-127102.367831,-125888.690458,
8.39975190163,101,-7781.71512863,-7643.64840313,-8019.44828265,-7869.64689131,-121346.346598,5704.00872278,-127084.911118,-125870.853766,
8.40403985977,102,-7750.95912826,-7341.89985298,-6896.56369645,-7840.52256829,-121317.825773,5641.53559703,-127054.602153,-125840.187173,
8.40767288208,103,-7766.53829414,-7480.39126162,-7502.98887527,-7855.69940277,-121333.762566,5671.82221077,-127071.47772,-125857.487423,
8.41176700592,104,-7796.98137009,-7786.52075368,-8641.76555178,-7884.77902231,-121363.043352,5735.21175804,-127102.546645,-125888.958679,
8.4157409668,105,-7785.85020135,-7696.577334,-8225.57607002,-7873.98312974,-121352.448625,5715.51987118,-127091.370772,-125877.358124,
8.41966199875,106,-7752.63550909,-7373.97460627,-7003.71795937,-7842.42246657,-121321.469107,5648.48698956,-127058.446653,-125844.098728,
8.42367291451,107,-7757.48583764,-7423.10374059,-7280.92429411,-7847.36220209,-121327.191153,5658.79114375,-127064.459272,-125850.424272,
8.42771291733,108,-7789.22531476,-7751.74143931,-8531.45969289,-7877.49235362,-121357.723636,5725.77932188,-127097.003412,-125883.348391,
8.43200278282,109,-7785.58198042,-7735.20114841,-8393.63883658,-7873.82666753,-121354.125005,5721.17486252,-127093.293022,-125879.325077,
8.43571591377,110,-7751.45086663,-7411.81610964,-7149.3395745,-7841.41663807,-121322.206714,5653.38202159,-127059.474833,-125844.948094,
8.43968296051,111,-7744.25360492,-7368.87840854,-7083.17841091,-7834.55465252,-121316.12704,5642.20614936,-127053.328103,-125838.913123,
8.44367694855,112,-7779.09997452,-7706.00977016,-8378.90903698,-7867.94815873,-121349.945229,5713.15058627,-127089.090894,-125875.279412,
8.44767284393,113,-7786.65486415,-7768.77346859,-8536.28766969,-7875.1230687,-121357.25425,5727.72392365,-127096.668136,-125882.81195,
8.45164394379,114,-7756.56941611,-7466.08614517,-7345.67729779,-7846.62459452,-121329.113403,5666.03310895,-127066.672095,-125852.301818,
8.45568990707,115,-7741.59374733,-7338.3906291,-6945.82694123,-7832.54299552,-121315.858819,5637.95931792,-127052.702254,-125838.264923,
8.45997881889,116,-7773.02030003,-7653.81844685,-8186.97460735,-7862.62844355,-121346.480709,5703.06994952,-127085.179339,-125871.367856,
8.4631998539,117,-7788.55476243,-7790.47701245,-8632.13194992,-7877.47000187,-121361.434026,5733.46832198,-127100.870264,-125887.081133,
8.4677028656,118,-7759.81041906,-7520.91497432,-7558.62236722,-7849.91030096,-121334.142546,5676.85135327,-127071.969458,-125857.777996,
8.47100496292,119,-7737.77159903,-7319.2351841,-6860.35387043,-7829.01141989,-121314.025976,5633.64543124,-127050.690597,-125836.387376,
8.47516679764,120,-7763.40904992,-7593.7593095,-7965.98290992,-7853.57598705,-121339.104633,5689.05540574,-127077.579746,-125863.701208,
8.47965478897,121,-7783.12328853,-7796.26611427,-8678.42241268,-7872.26204541,-121358.036561,5730.80846439,-127097.651612,-125883.84013,
8.48365092278,122,-7761.21857896,-7578.22484711,-7780.21756175,-7851.3408126,-121337.361197,5686.28378943,-127075.590441,-125861.376627,
8.48793983459,123,-7735.20114841,-7317.96113467,-6836.48220736,-7826.79859719,-121313.556589,5632.90782367,-127050.198859,-125835.716824,
8.49161696434,124,-7753.64133759,-7528.80514011,-7722.79593024,-7844.43412357,-121331.817965,5674.3032544,-127069.935449,-125855.833394,
8.49567079544,125,-7782.206867,-7791.79576538,-8673.16975274,-7871.77030704,-121359.332962,5730.9649266,-127098.948014,-125885.225938,
8.49968695641,126,-7768.21467498,-7636.00410652,-7999.06349171,-7858.49337083,-121346.212488,5700.9018303,-127084.821711,-125870.742008,
8.50357890129,127,-7735.55877633,-7332.84739647,-6878.61524565,-7827.46914953,-121315.814116,5636.59586151,-127052.657551,-125838.153164,
8.50757193565,128,-7747.89693927,-7470.24356964,-7490.71776756,-7839.42733281,-121328.55461,5663.95439672,-127066.247412,-125852.078301,
8.51164078712,129,-7777.93768381,-7774.65197738,-8624.64411552,-7867.94815873,-121357.343657,5726.69574341,-127096.869301,-125883.057819,
8.51587700844,130,-7769.06404126,-7685.78144142,-8206.04064537,-7859.38744061,-121349.006456,5709.03786529,-127087.906252,-125873.826548,
8.51951479912,131,-7735.62583156,-7362.91049277,-6985.09895624,-7827.60325999,-121317.758717,5641.73676273,-127054.69156,-125840.142469,
8.52353978157,132,-7738.62096532,-7411.36907475,-7266.70858463,-7830.62074549,-121321.469107,5650.27512911,-127058.871336,-125844.568115,
8.52759194374,133,-7772.23798898,-7742.37605838,-8519.00977123,-7862.82960925,-121354.080302,5719.4537782,-127093.382429,-125879.548595,
8.5315887928,134,-7768.25937846,-7724.60642154,-8375.95860672,-7858.80629525,-121350.168747,5714.4246357,-127089.247357,-125875.301763,
8.53566789627,135,-7735.58112807,-7402.45072871,-7133.04515279,-7827.58090825,-121319.278636,5647.88349246,-127056.61381,-125842.087071,
8.53953289986,136,-7732.38482861,-7365.81621955,-7078.23867538,-7824.96575415,-121317.423441,5641.08856214,-127054.557449,-125840.187173,
8.54389691353,137,-7765.44305866,-7700.98062765,-8370.75065026,-7856.59347255,-121349.431139,5710.13310076,-127088.643859,-125874.74297,
8.54750990868,138,-7769.5334279,-7759.05045975,-8519.05447472,-7860.37091736,-121353.275639,5721.24191776,-127092.801284,-125878.72158,
8.55150294304,139,-7737.43632286,-7453.56916828,-7325.35956208,-7829.65962048,-121322.966674,5657.29357687,-127060.637124,-125846.110385,
8.5555729866,140,-7724.80758724,-7328.9358412,-6932.95233642,-7817.81319592,-121311.969615,5631.47731203,-127048.947161,-125834.442775,
8.55951285362,141,-7756.30119518,-7645.90592932,-8178.07861305,-7848.01040268,-121342.703264,5696.94557154,-127081.536005,-125867.612763,
8.56383800507,142,-7770.3380907,-7779.77052686,-8615.94928693,-7861.46615284,-121356.181366,5725.75697014,-127095.751714,-125881.873176,
8.56787085533,143,-7743.09131421,-7510.92374455,-7540.18217804,-7835.31461183,-121330.387453,5670.52580959,-127068.259069,-125853.955847,
8.57184481621,144,-7721.65599127,-7311.70264622,-6852.39664941,-7815.10863484,-121310.986139,5628.37041955,-127047.695464,-125833.168725,
8.57497477531,145,-7749.1709887,-7588.68546351,-7964.64180525,-7841.59545202,-121337.919991,5685.59088535,-127076.462159,-125862.427159,
8.57894277573,146,-7772.08152677,-7792.39926248,-8673.39327018,-7863.50016159,-121359.914107,5730.33907775,-127099.573863,-125885.628269,
8.58296990395,147,-7750.71325907,-7573.24040809,-7770.80747733,-7843.13772239,-121339.797537,5686.26143769,-127078.116188,-125863.701208,
8.58692598343,148,-7721.81245349,-7310.7862247,-6829.62022181,-7815.60037322,-121313.064851,5630.00209689,-127049.818879,-125835.15803,
8.59201383591,149,-7740.11853219,-7524.06657029,-7724.51701457,-7833.19119611,-121331.169764,5671.4869346,-127069.287249,-125855.118138,
8.59634685516,150,-7766.49359065,-7784.30793098,-8667.38065092,-7858.29220513,-121356.427235,5725.75697014,-127095.975232,-125882.208452,
8.60046982765,151,-7751.1826457,-7625.65524884,-7984.64661654,-7843.696516,-121342.032712,5694.28571395,-127080.552528,-125866.405769,
8.60317277908,152,-7719.73374125,-7324.93487894,-6869.51808566,-7813.94634413,-121312.841333,5631.43260854,-127049.729472,-125835.113327,
8.6070959568,153,-7733.14478792,-7464.61093004,-7488.25907567,-7826.97741115,-121326.63236,5659.97578621,-127064.369865,-125850.200754,
8.61094093323,154,-7764.97367203,-7769.60048313,-8619.36910383,-7857.30872837,-121357.209546,5724.37116198,-127096.84695,-125882.94606,
8.61515283585,155,-7754.58011086,-7676.93015062,-8190.64029344,-7847.13868465,-121347.173613,5704.96984779,-127086.296926,-125872.016057,
8.62008595467,156,-7721.09719766,-7353.54511184,-6970.27974967,-7815.30980054,-121315.970578,5637.55698652,-127053.149289,-125838.399033,
8.62404680252,157,-7725.56754655,-7405.55762119,-7263.06525029,-7819.73544594,-121321.178534,5647.86114071,-127058.692522,-125844.299894,
8.62807798386,158,-7757.59759636,-7734.73176178,-8513.57829733,-7850.26792887,-121351.889831,5715.2292985,-127091.482531,-125877.55929,
8.63114380836,159,-7756.68117484,-7718.03500867,-8365.72150775,-7849.35150735,-121351.062817,5713.2176415,-127090.409647,-125876.307592,
8.63541483879,160,-7724.67347678,-7396.50516468,-7123.81388233,-7818.95313489,-121321.066775,5647.57056803,-127058.513708,-125843.919914,
8.63931083679,161,-7719.24200287,-7358.86482702,-7074.86356197,-7813.90164064,-121316.819944,5638.4510563,-127054.110414,-125839.628379,
8.6434237957,162,-7753.9989655,-7695.90678166,-8370.54948456,-7847.25044337,-121350.504023,5709.21667924,-127089.80615,-125875.838205,
8.64716100693,163,-7758.04463125,-7751.62968059,-8509.68909379,-7850.87142597,-121354.192061,5719.94551658,-127093.807112,-125879.749761,
8.65186691284,164,-7726.23809889,-7445.0308019,-7310.96503865,-7820.45070177,-121324.19602,5656.13128616,-127062.00058,-125847.272676,
8.65610980988,165,-7714.54813654,-7323.41496031,-6928.90667068,-7809.58775396,-121314.115383,5631.63377424,-127051.249391,-125836.588542,
8.65903687477,166,-7748.43338113,-7642.97785079,-8178.54799969,-7842.17659738,-121347.084206,5699.47131866,-127086.140464,-125872.105464,
8.66360282898,167,-7761.46444815,-7774.65197738,-8609.71315023,-7854.51476032,-121359.601183,5727.09807481,-127099.216235,-125885.225938,
8.6668009758,168,-7734.93292748,-7506.09576775,-7532.20260527,-7829.30199257,-121334.746043,5672.58217008,-127072.572955,-125858.113272,
8.67098689079,169,-7712.11179639,-7305.98059964,-6846.24991968,-7807.53139347,-121313.623645,5628.92921316,-127050.377673,-125835.761528,
8.67645978928,170,-7737.99511647,-7582.65049251,-7963.85949419,-7832.36418156,-121338.992875,5684.65211208,-127077.490339,-125863.388284,
8.68034982681,171,-7757.39643066,-7781.73748037,-8663.35733692,-7850.78201899,-121357.500119,5725.75697014,-127097.338688,-125883.258984,
8.6844727993,172,-7736.29638389,-7560.85754166,-7753.86485503,-7830.62074549,-121337.607066,5681.56757135,-127076.037476,-125861.488385,
8.68683481216,173,-7707.97672367,-7300.23620131,-6817.93025946,-7803.68689343,-121311.343767,5626.02348638,-127048.209554,-125833.548705,
8.69050478935,174,-7729.90378498,-7518.74685511,-7724.04762793,-7824.76458845,-121333.136717,5671.37517588,-127071.410664,-125857.107443,
8.69482779503,175,-7756.54706437,-7778.25060824,-8664.38551717,-7850.20087364,-121358.774168,5725.98048758,-127098.523331,-125884.48833,
8.69880700111,176,-7738.59861357,-7616.3345714,-7976.5329333,-7832.96767866,-121341.742139,5691.8493738,-127080.351362,-125866.070493,
8.70431995392,177,-7708.22259286,-7316.35180907,-6862.41023092,-7804.11157657,-121313.444831,5629.86798642,-127050.310618,-125835.627417,
8.70831990242,178,-7722.28184012,-7458.24068287,-7488.84022103,-7817.72378894,-121327.749947,5659.19347515,-127065.666266,-125851.363045,
8.71232700348,179,-7751.5849771,-7760.39156442,-8615.52460379,-7845.61876602,-121355.890793,5720.99604857,-127095.528197,-125881.604955,
8.71469783783,180,-7742.39841013,-7667.1177348,-8180.96198809,-7836.83453045,-121347.240668,5702.53350765,-127086.140464,-125872.083112,
8.7183508873,181,-7708.82608996,-7344.49265534,-6962.05430771,-7804.80448065,-121315.791764,5635.09829463,-127052.679903,-125838.130812,
8.72233200073,182,-7717.11858715,-7402.31661824,-7264.18283751,-7813.00757086,-121324.754813,5649.47046631,-127062.201746,-125847.786766,
8.72669386864,183,-7752.85902653,-7735.06703795,-8516.14874794,-7847.29514686,-121359.265907,5720.4596067,-127098.746848,-125884.756551,
8.73069286346,184,-7749.66272708,-7715.68807551,-8363.37457459,-7844.07649566,-121356.136662,5715.96690607,-127095.349383,-125881.224976,
8.73623394966,185,-7716.98447668,-7393.26416174,-7119.41058867,-7812.98521912,-121325.492421,5649.49281806,-127062.782891,-125848.077339,
8.74026083946,186,-7711.28478185,-7356.60730083,-7075.77998349,-7807.73255917,-121321.044424,5640.32860283,-127058.223135,-125843.60699,
8.74269485474,187,-7742.77838979,-7689.84945891,-8365.83326648,-7837.79565546,-121351.353389,5707.60735364,-127090.588461,-125876.486406,
8.74625778198,188,-7748.83571253,-7745.92998575,-8500.68134078,-7843.42829507,-121357.030732,5720.01257181,-127096.511674,-125882.320211,
8.75063800812,189,-7717.11858715,-7440.04636288,-7303.18663158,-7813.16403307,-121327.14645,5656.39950709,-127064.839252,-125850.133699,
8.75466394424,190,-7704.0204649,-7318.58698351,-6925.73272297,-7800.78116665,-121315.523543,5630.69500097,-127052.635199,-125837.884943,
8.76019787788,191,-7737.16810193,-7638.28398446,-8176.35752873,-7832.54299552,-121347.754758,5697.92904829,-127086.699258,-125872.597202,
8.76365590096,192,-7750.42268639,-7769.89105581,-8604.70635947,-7845.14937939,-121360.450549,5725.71226665,-127100.110304,-125886.052953,
8.76765990257,193,-7723.08650292,-7499.6361136,-7523.4183697,-7818.99783838,-121334.544877,5670.14582993,-127072.572955,-125857.95681,
8.77059984207,194,-7699.70657822,-7299.83386991,-6841.26548067,-7796.89196311,-121313.109554,5626.22465208,-127049.975342,-125835.314493,
8.77460289001,195,-7726.03693319,-7576.77198372,-7957.04221213,-7822.01532388,-121338.858764,5682.39458589,-127077.535042,-125863.34358,
8.77931189537,196,-7747.71812531,-7776.52952391,-8653.14258971,-7842.46717006,-121359.511776,5725.30993525,-127099.305642,-125885.315345,
8.78325295448,197,-7725.20991864,-7554.6437567,-7743.71716305,-7820.96479189,-121338.188212,5679.75708005,-127076.596269,-125862.158938,
8.78721880913,198,-7696.71144446,-7295.27411405,-6813.81753848,-7793.89682935,-121311.76845,5624.21299508,-127048.634237,-125833.861629,
8.79120278358,199,-7716.09040691,-7511.72840735,-7718.5490988,-7812.471129,-121330.99095,5667.15069618,-127069.197842,-125854.984028,
8.79523897171,200,-7741.63845082,-7769.86870406,-8655.24365368,-7836.8568822,-121355.533165,5720.72782764,-127095.192921,-125881.202624,
8.79938292503,201,-7726.64043029,-7609.31612364,-7966.11702038,-7822.50706226,-121341.317456,5689.18951621,-127080.016086,-125865.668162,
8.80316400528,202,-7696.9796654,-7310.85327993,-6856.53172213,-7794.36621599,-121313.847162,5628.03514338,-127050.824708,-125836.096804,
8.80715894699,203,-7710.56952603,-7452.6750985,-7483.96754074,-7807.44198649,-121327.548781,5656.80183849,-127065.487452,-125851.139528,
8.81129789352,204,-7740.29734615,-7753.44017189,-8604.54989726,-7835.76164672,-121356.091959,5718.80557761,-127095.796418,-125881.761418,
8.81536889076,205,-7730.39552336,-7659.02640331,-8166.45570594,-7826.17274835,-121346.681875,5699.56072564,-127085.693429,-125871.41256,
8.81922578812,206,-7697.5831625,-7337.9882977,-6951.92896747,-7794.96971309,-121316.059985,5633.04193414,-127053.193993,-125838.376682,
8.82315087318,207,-7703.59578175,-7395.20876351,-7260.204227,-7801.07173932,-121322.78786,5645.42480057,-127060.368903,-125845.931571,
8.82713294029,208,-7735.849349,-7724.31584887,-8508.39269261,-7831.91714667,-121353.856785,5713.08353103,-127093.337726,-125879.369781,
8.83114981651,209,-7732.96597397,-7703.68518873,-8350.76819071,-7829.14553036,-121351.085168,5708.72494086,-127090.431999,-125876.15113,
8.83517193794,210,-7699.43835729,-7380.34485344,-7107.65357109,-7797.16018404,-121319.546857,5641.31207959,-127056.993789,-125842.131775,
8.83917093277,211,-7693.85042117,-7344.85028325,-7069.38738458,-7791.95222759,-121315.121211,5632.43843704,-127052.456385,-125837.706129,
8.84318089485,212,-7726.90865122,-7678.69593843,-8357.22784486,-7823.57994599,-121347.061854,5701.17005124,-127086.34163,-125872.261926,
8.84718298912,213,-7732.45188385,-7733.86004375,-8489.21489587,-7828.67614373,-121352.359218,5713.19528975,-127091.773104,-125877.648697,
8.85112690926,214,-7701.87469743,-7429.18341508,-7294.22358206,-7799.61887593,-121323.726633,5650.76686749,-127061.285324,-125846.579772,
8.85517883301,215,-7688.66481646,-7309.10984386,-6922.40231304,-7787.280713,-121312.036671,5625.1294166,-127049.103624,-125834.263961,
8.85909485817,216,-7722.41595059,-7630.14794947,-8174.74820313,-7819.62368722,-121344.781976,5693.12342323,-127083.793531,-125869.579717,
8.86260390282,217,-7737.12339844,-7761.24093071,-8597.28558031,-7833.59352751,-121358.818872,5722.0689323,-127098.500979,-125884.398923,
8.86648988724,218,-7709.0496074,-7490.02486348,-7513.65065737,-7806.83848939,-121332.39911,5665.83194325,-127070.471891,-125855.788691,
8.87050080299,219,-7689.53653449,-7294.6482652,-6838.33740215,-7788.39830022,-121314.741232,5625.57645149,-127051.674074,-125836.879115,
8.87545490265,220,-7716.40333133,-7571.85459994,-7954.94114815,-7814.10280634,-121341.004532,5682.08166147,-127079.546699,-125865.310534,
8.87914586067,221,-7736.31873564,-7769.7345936,-8647.42054312,-7832.96767866,-121360.048218,5723.4770922,-127099.663269,-125885.628269,
8.88309979439,222,-7716.67155226,-7550.0169456,-7737.99511647,-7814.21456506,-121341.518622,5680.67350157,-127079.792569,-125865.355237,
8.88708496094,223,-7689.491831,-7292.8377739,-6813.14698614,-7788.44300371,-121316.462316,5626.58227999,-127053.216345,-125838.533144,
8.89111089706,224,-7710.2566016,-7512.26484922,-7725.52284307,-7808.49251848,-121337.048273,5671.21871367,-127075.232813,-125861.086054,
8.8951189518,225,-7736.43049436,-7769.89105581,-8659.11050547,-7833.48176878,-121362.059875,5725.0864178,-127101.898444,-125887.952851,
8.89910578728,226,-7719.21965113,-7606.49980384,-7964.12771513,-7816.96382963,-121345.653694,5691.11176623,-127084.441732,-125869.982048,
8.90307879448,227,-7688.59776123,-7307.20994558,-6854.8553413,-7787.92891358,-121317.289331,5629.04097188,-127054.266876,-125839.427214,
8.90704083443,228,-7702.58995325,-7449.99288917,-7485.80038378,-7801.42936724,-121331.50504,5658.38881235,-127069.376656,-125854.961676,
8.91112089157,229,-7730.8202065,-7749.81918929,-8605.30985657,-7828.20675709,-121358.483596,5718.91733633,-127098.165703,-125884.153054,
8.91500091553,230,-7717.58797378,-7651.85149334,-8161.58302564,-7815.30980054,-121345.698398,5696.20796397,-127084.754656,-125870.406731,
8.9190299511,231,-7685.49086875,-7331.41688483,-6947.07863892,-7784.86672459,-121315.724709,5630.3597248,-127052.814013,-125837.996702,
8.92301797867,232,-7691.95052289,-7390.47019368,-7260.78537235,-7791.304027,-121322.877267,5643.2790331,-127060.480661,-125845.931571,
8.92922186852,233,-7722.95239245,-7717.92324995,-8505.44226234,-7820.85303317,-121352.64979,5709.5966589,-127092.264842,-125878.118083,
8.93105888367,234,-7720.18077614,-7696.13029911,-8342.47569352,-7818.1037686,-121349.989933,5705.28277222,-127089.336764,-125874.944136,
8.93587779999,235,-7687.32371179,-7372.76761207,-7098.28819016,-7786.81132636,-121319.099822,5638.42870455,-127056.524403,-125841.774147,
8.9421339035,236,-7681.10992683,-7337.09422792,-7064.17942812,-7780.95516931,-121314.003624,5628.86215792,-127051.36115,-125836.812059,
8.94616889954,237,-7715.12928189,-7672.66096743,-8356.53494078,-7813.4769575,-121346.994799,5698.75606284,-127086.252223,-125872.30663,
8.94917297363,238,-7723.10885466,-7729.34499137,-8484.8563057,-7821.00949538,-121354.639096,5713.0164758,-127094.16474,-125880.12974,
8.95110177994,239,-7689.42477577,-7421.09208358,-7284.34411101,-7788.82298336,-121322.743156,5647.43645757,-127060.45831,-125845.730406,
8.955108881,240,-7673.51033372,-7300.14679434,-6916.70261821,-7773.69085237,-121308.415688,5619.42972176,-127045.437937,-125830.754737,
8.95913600922,241,-7704.33338932,-7618.16741445,-8166.94744431,-7803.19515505,-121338.367026,5684.47329813,-127077.37858,-125863.20947,
8.96409296989,242,-7718.59380228,-7747.67342182,-8583.31574003,-7816.74031219,-121351.956886,5712.8153101,-127091.683697,-125877.55929,
8.96635699272,243,-7695.14682235,-7479.25132266,-7497.31153218,-7794.70149215,-121330.186287,5661.00396645,-127068.14731,-125853.531164,
8.96999597549,244,-7676.17019131,-7284.83584938,-6826.2451084,-7776.88715182,-121313.109554,5621.59784098,-127049.997693,-125835.247437,
8.97438287735,245,-7703.79694746,-7565.19378009,-7951.3425173,-7803.35161726,-121339.998703,5679.06417597,-127078.65263,-125864.505871,
8.9788608551,246,-7723.10885466,-7761.79972432,-8639.01628721,-7821.63534422,-121358.371837,5719.6549439,-127098.143351,-125884.175406,
8.98552179337,247,-7702.27702883,-7539.84690188,-7723.64529653,-7801.74229166,-121338.724654,5675.68906256,-127077.065656,-125862.583621,
8.98646688461,248,-7676.17019131,-7284.81349764,-6804.29569534,-7777.11066927,-121314.607121,5622.82718692,-127051.539964,-125836.767356,
8.99142384529,249,-7698.65604623,-7506.78867183,-7723.5782413,-7798.70245441,-121336.869459,5668.89413224,-127075.188109,-125860.90724,
8.99459600449,250,-7724.53936631,-7763.07377375,-8652.67320307,-7823.31172506,-121361.679895,5722.35950498,-127101.429057,-125887.505816,
8.99851679802,251,-7708.91549694,-7599.3919491,-7952.46010452,-7808.29135278,-121346.74893,5689.79301331,-127085.492263,-125871.144339,
9.00258183479,252,-7676.84074364,-7298.15748908,-6842.67364057,-7777.71416637,-121316.819944,5626.00113463,-127053.842193,-125839.047234,
9.00650477409,253,-7691.27997056,-7443.89086293,-7484.19105818,-7791.66165491,-121331.460337,5656.10893442,-127069.533118,-125855.14049,
9.01056885719,254,-7719.37611334,-7743.40423863,-8601.48770827,-7818.3049343,-121358.371837,5716.48099619,-127098.098647,-125884.063647,
